sequence_id	sequence_src	feature_type	feature_start	feature_end	feature_id	pident	e-value	feature_src	feature_target_len	feature_seq
WP_052289956.1	cobahma-fl-sequences-nr.fasta	domain	118	331	GlyX3	0.56	6.212e-73	GlyX3_HMM_Profile	226	QIQLRTFGAALVGGAVGDMFGGAVGATAGAIFMGPAGAILGGQIGVFVGSIIGAQIGAETVQQVDQFVWLADTQGTKLTAEQIAQTLQKRTSEKIGETTGQIFGAVAGKVVLGPTGAIFGSIVGGAIGAQLGEDTASSATLQKSPATTQQWLVNTTQKFVGETATATVGGAVGKIILGSPGQQMGLQLGKRISKIVDWNATTHQVVNITPTPQ
WP_052289956.1	cobahma-fl-sequences-nr.fasta	domain	122	181	Gly1	0.43	1.157e-23	Gly1_HMM_Profile	61	RTFGAALVGGAVGDMFGGAVGATAGAIFMGPAGAILGGQIGVFVGSIIGAQIGAETVQQ
WP_052289956.1	cobahma-fl-sequences-nr.fasta	domain	201	256	Gly2	0.45	2.444e-25	Gly2_HMM_Profile	60	AQTLQKRTSEKIGETTGQIFGAVAGKVVLGPTGAIFGSIVGGAIGAQLGEDTASS
WP_052289956.1	cobahma-fl-sequences-nr.fasta	domain	266	320	Gly3	0.55	1.22e-26	Gly3_HMM_Profile	57	QQWLVNTTQKFVGETATATVGGAVGKIILGSPGQQMGLQLGKRISKIVDWNATT
WP_052289956.1	cobahma-fl-sequences-nr.fasta	domain	1	115	N-ter	100.0	4.26e-82	CoBaHMA-type||Scytonema_millei_VB511283	115	SLAAELDATEEITVIKVRGAIAHAVAGRLRVRLLQPIEDIAYAQLEQQIMSLTCVESVRVNTTVGCLTITYEVSQFPGAAIPPVELLAAIAQVSSLQIDLDTNTSNSINFDRQP
UniRef100_A0A433VEI5	cobahma-fl-sequences-nr.fasta	domain	117	332	GlyX3	0.55	5.777e-71	GlyX3_HMM_Profile	226	AQSQLRTFGATLVGGAVGDMFGGAIGATAGAIVMGPAGAILGGQIGVFVGSIIGAQIGAETVHHVDQFVSLANIQGTGLTAEKIAQTLQKRASEKMGETTGQIFGAVAGKVVLGPTGAVFGSIVGGAIGAQLGEDTTTTTNLQRSTATTQQWFVQTTQKFVGETATVTVGGAVGKIVLGSPGQQMGLKLGKRISKIVDWNVTVHQVGEITPTPQQ
UniRef100_A0A433VEI5	cobahma-fl-sequences-nr.fasta	domain	122	180	Gly1	0.41	8.141e-24	Gly1_HMM_Profile	61	RTFGATLVGGAVGDMFGGAIGATAGAIVMGPAGAILGGQIGVFVGSIIGAQIGAETVH
UniRef100_A0A433VEI5	cobahma-fl-sequences-nr.fasta	domain	201	258	Gly2	0.47	2.106e-25	Gly2_HMM_Profile	60	AQTLQKRASEKMGETTGQIFGAVAGKVVLGPTGAVFGSIVGGAIGAQLGEDTTTTTN
UniRef100_A0A433VEI5	cobahma-fl-sequences-nr.fasta	domain	266	318	Gly3	0.55	6.117e-26	Gly3_HMM_Profile	57	QQWFVQTTQKFVGETATVTVGGAVGKIVLGSPGQQMGLKLGKRISKIVDWNV
UniRef100_A0A433VEI5	cobahma-fl-sequences-nr.fasta	domain	1	115	N-ter	99.13	1.15e-81	CoBaHMA-type||Chroococcidiopsis_thermalis_PCC_7203	115	SLSVELDAAEESTVVKVRSAIAHAVAGRLRLRLLQPIEDAAYAQLEQQIRSLAFVESIRVNPTVGCLTITYEVTQFASTPIPPLELLAAIAQVSNLQIDLGTNISDSMNSDRQP
Chroococcidiopsis_thermalis_PCC_7203	cobahma-fl-sequences-nr.fasta	domain	117	329	GlyX3	0.57	3.739e-71	GlyX3_HMM_Profile	226	AQSQLRTFGATLVGGAVGDMFGGAIGATAGAIVMGPAGAILGGQIGVFVGSIIGAQIGAETVHHVDQFVSLANIQGTGLTAEKIAQTLQKRASEKMGETTGQIFGAVAGKVVLGPTGAVFGSILGGAIGAQLGEDTATATNPQRLPATTQQWFVQTTQKFVGETATVTVGGAVGKIVLGSPGQQMGLKLGKRISKIVEWDTTPHRVVDITPT
Chroococcidiopsis_thermalis_PCC_7203	cobahma-fl-sequences-nr.fasta	domain	122	180	Gly1	0.41	8.104e-24	Gly1_HMM_Profile	61	RTFGATLVGGAVGDMFGGAIGATAGAIVMGPAGAILGGQIGVFVGSIIGAQIGAETVH
Chroococcidiopsis_thermalis_PCC_7203	cobahma-fl-sequences-nr.fasta	domain	201	259	Gly2	0.47	7.001e-26	Gly2_HMM_Profile	60	AQTLQKRASEKMGETTGQIFGAVAGKVVLGPTGAVFGSILGGAIGAQLGEDTATATNP
Chroococcidiopsis_thermalis_PCC_7203	cobahma-fl-sequences-nr.fasta	domain	266	320	Gly3	0.58	1.597e-25	Gly3_HMM_Profile	57	QQWFVQTTQKFVGETATVTVGGAVGKIVLGSPGQQMGLKLGKRISKIVEWDTTP
Chroococcidiopsis_thermalis_PCC_7203	cobahma-fl-sequences-nr.fasta	domain	1	115	N-ter	79.13	3.23e-61	CoBaHMA-type||Scytonema_millei_VB511283	115	SLAVELDAAEESTVVKVRSAIAHAVAGRLRLRLLQPIEDAAYAQLEQQIRSLAFVESIRVNPTVGCLTITYEVTQFASTPIPPLELLAAIAQVSNLQIDLGTNISDSMNSDRQP
Synechococcus_PCC_6716	cobahma-fl-sequences-nr.fasta	domain	106	320	GlyX3	0.5	2.529e-81	GlyX3_HMM_Profile	226	VGHKATAMGGFVVGGYLGDMVGGMVGATAGGVFMGPAGAVMGVQVGTFVGGVIGARLGMSTTEQISQLQFTSFEQTPQQVAKALEVRTGDKIGETAGEIAGGLAGQVVMGPVGETVGRVLGSMIGSQVGEDLGRQIAEPTPVDPTPPSVNVVLEWWLKASRSFVGETLWATLGGVLARLTLGPHAEAVGIRAGTRISRQLDMSEPALTTAPQKK
Synechococcus_PCC_6716	cobahma-fl-sequences-nr.fasta	domain	111	170	Gly1	0.43	8.726e-25	Gly1_HMM_Profile	61	TAMGGFVVGGYLGDMVGGMVGATAGGVFMGPAGAVMGVQVGTFVGGVIGARLGMSTTEQ
Synechococcus_PCC_6716	cobahma-fl-sequences-nr.fasta	domain	186	244	Gly2	0.39	5.342e-27	Gly2_HMM_Profile	60	AKALEVRTGDKIGETAGEIAGGLAGQVVMGPVGETVGRVLGSMIGSQVGEDLGRQIAE
Synechococcus_PCC_6716	cobahma-fl-sequences-nr.fasta	domain	258	311	Gly3	0.44	1.412e-26	Gly3_HMM_Profile	57	LEWWLKASRSFVGETLWATLGGVLARLTLGPHAEAVGIRAGTRISRQLDMSEP
Synechococcus_PCC_6716	cobahma-fl-sequences-nr.fasta	domain	1	104	N-ter	96.154	5.19e-72	CoBaHMA-type||Synechococcus_PCC_6717	104	AAADTAPIAEVMHLTGDRLRLRIQELKRDPAFRDSLVAYLHTLEGIRAVHCNPLAASVTLEYQLEQITPLQLLAAIQLWGDVQIVGQGNKGLRNLTRAFALEP
Synechococcus_PCC_6717	cobahma-fl-sequences-nr.fasta	domain	106	320	GlyX3	0.5	2.327e-81	GlyX3_HMM_Profile	226	VGHKATAMGGFVVGGYLGDMVGGMVGATAGGVFMGPAGAVMGVQVGTFVGGVIGARLGMSTTEQISQLQFTSFEQTPQQVAKALEVRTGDKIGETAGEIAGGLAGQVVMGPVGETVGRVLGSMIGSQVGEDLGRQIAEPTPVDPTPPSVDVVLEWWLKASRSFVGETLWATLGGVLARLTLGPQAEAVGIRAGTRISRQLDMSEPALTTAPQKK
Synechococcus_PCC_6717	cobahma-fl-sequences-nr.fasta	domain	111	170	Gly1	0.43	8.726e-25	Gly1_HMM_Profile	61	TAMGGFVVGGYLGDMVGGMVGATAGGVFMGPAGAVMGVQVGTFVGGVIGARLGMSTTEQ
Synechococcus_PCC_6717	cobahma-fl-sequences-nr.fasta	domain	186	244	Gly2	0.39	5.342e-27	Gly2_HMM_Profile	60	AKALEVRTGDKIGETAGEIAGGLAGQVVMGPVGETVGRVLGSMIGSQVGEDLGRQIAE
Synechococcus_PCC_6717	cobahma-fl-sequences-nr.fasta	domain	258	311	Gly3	0.43	8.569e-27	Gly3_HMM_Profile	57	LEWWLKASRSFVGETLWATLGGVLARLTLGPQAEAVGIRAGTRISRQLDMSEP
Synechococcus_PCC_6717	cobahma-fl-sequences-nr.fasta	domain	1	104	N-ter	100.0	3.48e-74	CoBaHMA-type||Synechococcus_lividus_PCC_6715	104	AAADTAPIAEVMHLTGDRLRLRIQELKREPAFRDSLVAYLHTLEGIRAVHCNPLAASLTLEYQLEQITPLQLLAAIQLWGDVQIVGQGNQGLQNLTRAFALEP
NZ_CP018092.1_prot_WP_099799411.1_2103	cobahma-fl-sequences-nr.fasta	domain	106	320	GlyX3	0.5	2.956e-81	GlyX3_HMM_Profile	226	VGHKATAMGGFVVGGYLGDMVGGMVGATAGGVFMGPAGAVMGVQVGTFVGGVIGARLGMSTTEQISQLQFTSFEQTPQQVAKALEVRTGDKIGETAGEIAGGLAGQVVMGPVGETVGRVLGSMIGSQVGEDLGRQIAEPTPVDPTPPSVDVVLEWWLKASRSFVGETLWATLGGLLARLTLGPHAEAVGIRAGTRISRQLDMSEPALTTAPQKK
NZ_CP018092.1_prot_WP_099799411.1_2103	cobahma-fl-sequences-nr.fasta	domain	111	170	Gly1	0.43	8.726e-25	Gly1_HMM_Profile	61	TAMGGFVVGGYLGDMVGGMVGATAGGVFMGPAGAVMGVQVGTFVGGVIGARLGMSTTEQ
NZ_CP018092.1_prot_WP_099799411.1_2103	cobahma-fl-sequences-nr.fasta	domain	186	244	Gly2	0.39	5.342e-27	Gly2_HMM_Profile	60	AKALEVRTGDKIGETAGEIAGGLAGQVVMGPVGETVGRVLGSMIGSQVGEDLGRQIAE
NZ_CP018092.1_prot_WP_099799411.1_2103	cobahma-fl-sequences-nr.fasta	domain	258	311	Gly3	0.44	1.859e-26	Gly3_HMM_Profile	57	LEWWLKASRSFVGETLWATLGGLLARLTLGPHAEAVGIRAGTRISRQLDMSEP
NZ_CP018092.1_prot_WP_099799411.1_2103	cobahma-fl-sequences-nr.fasta	domain	1	104	N-ter	100.0	5.21e-74	CoBaHMA-type||Synechococcus_lividus_PCC_6715	104	AAADTAPIAEVMHLTGDRLRLRIQELKREPAFRDSLVAYLHTLEGIRAVHCNPLAASLTLEYQLEQITPLQLLAAIQLWGDVQIVGQGNQGLQNLTRAFALEP
UniRef100_A0A2D2Q3J4	cobahma-fl-sequences-nr.fasta	domain	106	320	GlyX3	0.5	2.956e-81	GlyX3_HMM_Profile	226	VGHKATAMGGFVVGGYLGDMVGGMVGATAGGVFMGPAGAVMGVQVGTFVGGVIGARLGMSTTEQISQLQFTSFEQTPQQVAKALEVRTGDKIGETAGEIAGGLAGQVVMGPVGETVGRVLGSMIGSQVGEDLGRQIAEPTPVDPTPPSVDVVLEWWLKASRSFVGETLWATLGGLLARLTLGPHAEAVGIRAGTRISRQLDMSEPALTTAPQKK
UniRef100_A0A2D2Q3J4	cobahma-fl-sequences-nr.fasta	domain	111	170	Gly1	0.43	8.726e-25	Gly1_HMM_Profile	61	TAMGGFVVGGYLGDMVGGMVGATAGGVFMGPAGAVMGVQVGTFVGGVIGARLGMSTTEQ
UniRef100_A0A2D2Q3J4	cobahma-fl-sequences-nr.fasta	domain	186	244	Gly2	0.39	5.342e-27	Gly2_HMM_Profile	60	AKALEVRTGDKIGETAGEIAGGLAGQVVMGPVGETVGRVLGSMIGSQVGEDLGRQIAE
UniRef100_A0A2D2Q3J4	cobahma-fl-sequences-nr.fasta	domain	258	311	Gly3	0.44	1.859e-26	Gly3_HMM_Profile	57	LEWWLKASRSFVGETLWATLGGLLARLTLGPHAEAVGIRAGTRISRQLDMSEP
UniRef100_A0A2D2Q3J4	cobahma-fl-sequences-nr.fasta	domain	1	104	N-ter	100.0	5.21e-74	CoBaHMA-type||Synechococcus_PCC_6717	104	AAADTAPIAEVMHLTGDRLRLRIQELKREPAFRDSLVAYLHTLEGIRAVHCNPLAASLTLEYQLEQITPLQLLAAIQLWGDVQIVGQGNQGLQNLTRAFALEP
Cyanothece_sp_PCC_7425	cobahma-fl-sequences-nr.fasta	domain	142	363	GlyX3	0.48	8.167e-77	GlyX3_HMM_Profile	226	IESKLKEIGGAVLGGAAGDLVGGAIGGAAGAAVMGPPGAILGSQMGVFVGGVIGAKLGAETITQLDQLQSDPASSPEVLTGKVTASLTKRAGEKIGETTGELVGGMVGRVVLGPTGEIVGTIVGGAIAGQLGEDALQQQPAETTETAEAATPEEMASKTNSWLEKTAKGFVGETASATIGGALGSLALGPQGKEVGMKLGNRISRFIDWEGKEKPSPDKPA
Cyanothece_sp_PCC_7425	cobahma-fl-sequences-nr.fasta	domain	146	206	Gly1	0.34	1.276e-22	Gly1_HMM_Profile	61	LKEIGGAVLGGAAGDLVGGAIGGAAGAAVMGPPGAILGSQMGVFVGGVIGAKLGAETITQ
Cyanothece_sp_PCC_7425	cobahma-fl-sequences-nr.fasta	domain	225	281	Gly2	0.44	1.248e-24	Gly2_HMM_Profile	60	TASLTKRAGEKIGETTGELVGGMVGRVVLGPTGEIVGTIVGGAIAGQLGEDALQQQ
Cyanothece_sp_PCC_7425	cobahma-fl-sequences-nr.fasta	domain	301	355	Gly3	0.38	8.027e-27	Gly3_HMM_Profile	57	NSWLEKTAKGFVGETASATIGGALGSLALGPQGKEVGMKLGNRISRFIDWEGKE
UniRef100_B8HLW5	cobahma-fl-sequences-nr.fasta	domain	142	363	GlyX3	0.48	8.167e-77	GlyX3_HMM_Profile	226	IESKLKEIGGAVLGGAAGDLVGGAIGGAAGAAVMGPPGAILGSQMGVFVGGVIGAKLGAETITQLDQLQSDPASSPEVLTGKVTASLTKRAGEKIGETTGELVGGMVGRVVLGPTGEIVGTIVGGAIAGQLGEDALQQQPAETTETAEAATPEEMASKTNSWLEKTAKGFVGETASATIGGALGSLALGPQGKEVGMKLGNRISRFIDWEGKEKPSPDKPA
UniRef100_B8HLW5	cobahma-fl-sequences-nr.fasta	domain	146	206	Gly1	0.34	1.276e-22	Gly1_HMM_Profile	61	LKEIGGAVLGGAAGDLVGGAIGGAAGAAVMGPPGAILGSQMGVFVGGVIGAKLGAETITQ
UniRef100_B8HLW5	cobahma-fl-sequences-nr.fasta	domain	225	281	Gly2	0.44	1.248e-24	Gly2_HMM_Profile	60	TASLTKRAGEKIGETTGELVGGMVGRVVLGPTGEIVGTIVGGAIAGQLGEDALQQQ
UniRef100_B8HLW5	cobahma-fl-sequences-nr.fasta	domain	301	355	Gly3	0.38	8.027e-27	Gly3_HMM_Profile	57	NSWLEKTAKGFVGETASATIGGALGSLALGPQGKEVGMKLGNRISRFIDWEGKE
UniRef100_B8HLW5	cobahma-fl-sequences-nr.fasta	domain	1	140	N-ter	100.0	2.96e-102	CoBaHMA-type||Cyanothece_sp_PCC_7425	140	TSTSVNCSPGYESADAARSLIPAFLIHAITGRLRLRIERLRQDKAYGVCLQQQIQSLAGVVSIRVNPEAGSIVVDYQVVMGQEAQTQAELLKVLQEVCNLHVQFPKGSLPTTALVTEPLASPQPAATATEPFPGIDLAP
Candidatus_Synechococcus_calcipolaris	cobahma-fl-sequences-nr.fasta	domain	111	346	GlyX3	0.5	5.917e-77	GlyX3_HMM_Profile	226	VGGKLKQMGGFVVGGQIGDVVGGVVGGTAGGVFMGPAGMLMGAQVGTFVGGVIGGRLGIEAMEQISQLTFQDMQDAPGPKTALTPEEIRREAEIAKALEIRSGAKMGEVVGELAGGIAGQTVLGPPGEAVGRVLGEMLGGQIGEDVSRQVAEKSEAAIPTDLSVNIVLEWWMKTSRAFVGETALATLGGLLSRVILGPQAESVGLRAGTRVGRLVDWNGQDGQKTKEMAETPPTE
Candidatus_Synechococcus_calcipolaris	cobahma-fl-sequences-nr.fasta	domain	115	175	Gly1	0.39	4.31e-23	Gly1_HMM_Profile	61	LKQMGGFVVGGQIGDVVGGVVGGTAGGVFMGPAGMLMGAQVGTFVGGVIGGRLGIEAMEQ
Candidatus_Synechococcus_calcipolaris	cobahma-fl-sequences-nr.fasta	domain	205	263	Gly2	0.37	7.346e-25	Gly2_HMM_Profile	60	AKALEIRSGAKMGEVVGELAGGIAGQTVLGPPGEAVGRVLGEMLGGQIGEDVSRQVAE
Candidatus_Synechococcus_calcipolaris	cobahma-fl-sequences-nr.fasta	domain	278	332	Gly3	0.38	1.478e-26	Gly3_HMM_Profile	57	LEWWMKTSRAFVGETALATLGGLLSRVILGPQAESVGLRAGTRVGRLVDWNGQD
Candidatus_Synechococcus_calcipolaris	cobahma-fl-sequences-nr.fasta	domain	8	104	N-ter	59.794	1.38e-34	CoBaHMA-type||Thermosynechococcus_vulcanus_NIES-2134	104	ESLPPVAELVHLTRDRLRLRLPLLKKDPDYGRYLQDYLKPIPGITEVRLNLQAASLSIHYALDLITPLQILALIERWGDVQIIGQGHKGLENLTRA
Synechococcus_sp_PCC_6312	cobahma-fl-sequences-nr.fasta	domain	117	346	GlyX3	0.53	8.985e-77	GlyX3_HMM_Profile	226	VSDKAQDIGSFIVGGQVGDVVGGIAGAAVGGATIGPAGVVLGTQVGTFVGGVIGARVCVESMQTLKEHAFDLQTLCLDKTKEKVTQSLEIRTSSKAGEVAGEITGGLVGGALLGPPGEIIGQMMGNMVGGQIAEDAARQVISPDPKPDTTAPTSSSVNIVLEWWMKTSRAFVGETALATLGGLLMRLILGPQAEAVGLKAGSRAGRIIDWNTESASCKQPQSNQAKTEE
Synechococcus_sp_PCC_6312	cobahma-fl-sequences-nr.fasta	domain	121	180	Gly1	0.4	2.423e-22	Gly1_HMM_Profile	61	AQDIGSFIVGGQVGDVVGGIAGAAVGGATIGPAGVVLGTQVGTFVGGVIGARVCVESMQ
Synechococcus_sp_PCC_6312	cobahma-fl-sequences-nr.fasta	domain	201	258	Gly2	0.5	1.152e-23	Gly2_HMM_Profile	60	TQSLEIRTSSKAGEVAGEITGGLVGGALLGPPGEIIGQMMGNMVGGQIAEDAARQVI
Synechococcus_sp_PCC_6312	cobahma-fl-sequences-nr.fasta	domain	277	330	Gly3	0.39	9.891e-28	Gly3_HMM_Profile	57	LEWWMKTSRAFVGETALATLGGLLMRLILGPQAEAVGLKAGSRAGRIIDWNTE
Synechococcus_sp_PCC_6312	cobahma-fl-sequences-nr.fasta	domain	15	109	N-ter	55.789	3.94e-24	CoBaHMA-type||Candidatus_Synechococcus_calcipolaris	109	DPVIQAELVHLTPDRLRLKIPHLRQDPGYGTYLQQHLQAQTGITEVRLNSTAQSLTLHWNPQVISLPQLLTQLQAIGDLEVIGQGNHGITNLTR
UniRef100_K9S008	cobahma-fl-sequences-nr.fasta	domain	117	346	GlyX3	0.53	8.985e-77	GlyX3_HMM_Profile	226	VSDKAQDIGSFIVGGQVGDVVGGIAGAAVGGATIGPAGVVLGTQVGTFVGGVIGARVCVESMQTLKEHAFDLQTLCLDKTKEKVTQSLEIRTSSKAGEVAGEITGGLVGGALLGPPGEIIGQMMGNMVGGQIAEDAARQVISPDPKPDTTAPTSSSVNIVLEWWMKTSRAFVGETALATLGGLLMRLILGPQAEAVGLKAGSRAGRIIDWNTESASCKQPQSNQAKTEE
UniRef100_K9S008	cobahma-fl-sequences-nr.fasta	domain	121	180	Gly1	0.4	2.423e-22	Gly1_HMM_Profile	61	AQDIGSFIVGGQVGDVVGGIAGAAVGGATIGPAGVVLGTQVGTFVGGVIGARVCVESMQ
UniRef100_K9S008	cobahma-fl-sequences-nr.fasta	domain	201	258	Gly2	0.5	1.152e-23	Gly2_HMM_Profile	60	TQSLEIRTSSKAGEVAGEITGGLVGGALLGPPGEIIGQMMGNMVGGQIAEDAARQVI
UniRef100_K9S008	cobahma-fl-sequences-nr.fasta	domain	277	330	Gly3	0.39	9.891e-28	Gly3_HMM_Profile	57	LEWWMKTSRAFVGETALATLGGLLMRLILGPQAEAVGLKAGSRAGRIIDWNTE
UniRef100_K9S008	cobahma-fl-sequences-nr.fasta	domain	1	115	N-ter	100.0	3.13e-82	CoBaHMA-type||Synechococcus_sp_PCC_6312	115	SSTSPSSSQPPPGPDPVIQAELVHLTPDRLRLKIPHLRQDPGYGTYLQQHLQAQTGITEVRLNSTAQSLTLHWNPQVISLPQLLTQLQAIGDLEVIGQGNHGITNLTRAFALEP
UniRef100_A0A3M2FQJ0	cobahma-fl-sequences-nr.fasta	domain	106	319	GlyX3	0.5	3.002e-78	GlyX3_HMM_Profile	226	VGNKLTSMGGFLIGGYVGDMLGGMAGGTAGGLFMGPAGVVMGVQVGTFVGGVIGARLGMEASEQMTQLQFTALEETPERLVKALEIRSGDKIGGAAGEIAGGLAGQVVLGPVGETLGRMVGNMVGSQLGEDLGRQLAEPSPEEPSPPSLHLFLEWWVKTSQTFMKETLLGTLGGIVARAMLGPQAEAEGIRAGTRISRHLDMQQSNTAPREKK
UniRef100_A0A3M2FQJ0	cobahma-fl-sequences-nr.fasta	domain	110	170	Gly1	0.41	9.139e-25	Gly1_HMM_Profile	61	LTSMGGFLIGGYVGDMLGGMAGGTAGGLFMGPAGVVMGVQVGTFVGGVIGARLGMEASEQ
UniRef100_A0A3M2FQJ0	cobahma-fl-sequences-nr.fasta	domain	188	244	Gly2	0.35	8.369e-26	Gly2_HMM_Profile	60	ALEIRSGDKIGGAAGEIAGGLAGQVVLGPVGETLGRMVGNMVGSQLGEDLGRQLAE
UniRef100_A0A3M2FQJ0	cobahma-fl-sequences-nr.fasta	domain	258	312	Gly3	0.51	8.671e-26	Gly3_HMM_Profile	57	LEWWVKTSQTFMKETLLGTLGGIVARAMLGPQAEAEGIRAGTRISRHLDMQQSN
UniRef100_A0A3M2FQJ0	cobahma-fl-sequences-nr.fasta	domain	1	104	N-ter	99.038	8.42e-74	CoBaHMA-type||Thermosynechococcus_sp._NK55a	104	ATAETTPIAVVMHLTGDRLRLRIQELKTDVGFRDSLTAYLETLRGIKSVHVNPLAASITIEYHLEQITPLQLLAAIQFWGDVQIIGQGNRGLQNLTRAFDLEP
UniRef100_A0A5C2M6G8	cobahma-fl-sequences-nr.fasta	domain	106	319	GlyX3	0.48	8.399e-81	GlyX3_HMM_Profile	226	VGNKLTSMGGFLMGGYVGDILGGMVGGTAGGLFMGPAGAVMGVQVGTFVGGVIGARLGMEATEQITQLQFTALEETPERVAKVLEIRTGDKIGGTAGEIAGGLAGQVVLGPVGETVGRVVGNMVGAQLGEDLGRQLAAPSPEEPPPPSLHLFLEWWVKTSQAFTKETLWATLGGMVARAILGPQAEAEGIRAGTRISRHLDMQQPNTAAKEKK
UniRef100_A0A5C2M6G8	cobahma-fl-sequences-nr.fasta	domain	110	170	Gly1	0.39	1.095e-25	Gly1_HMM_Profile	61	LTSMGGFLMGGYVGDILGGMVGGTAGGLFMGPAGAVMGVQVGTFVGGVIGARLGMEATEQ
UniRef100_A0A5C2M6G8	cobahma-fl-sequences-nr.fasta	domain	186	244	Gly2	0.37	5.219e-26	Gly2_HMM_Profile	60	AKVLEIRTGDKIGGTAGEIAGGLAGQVVLGPVGETVGRVVGNMVGAQLGEDLGRQLAA
UniRef100_A0A5C2M6G8	cobahma-fl-sequences-nr.fasta	domain	258	312	Gly3	0.51	3.013e-26	Gly3_HMM_Profile	57	LEWWVKTSQAFTKETLWATLGGMVARAILGPQAEAEGIRAGTRISRHLDMQQPN
UniRef100_A0A5C2M6G8	cobahma-fl-sequences-nr.fasta	domain	1	104	N-ter	92.308	2.3e-68	CoBaHMA-type||Thermosynechococcus_sp._NK55a	104	ATAETAPIAEVMHLTGDRLRLRIQELKTDAAFRDSLSAYLKTRQGIKSVHVNPLAASITIEYHLEQITPLQLLAAIQFWGDVQIIGQGNKGLQNLTRAFDLEP
NZ_JJML01000036.1_prot_WP_052128762.1_2284	cobahma-fl-sequences-nr.fasta	domain	117	340	GlyX3	0.61	3.038e-69	GlyX3_HMM_Profile	226	FQGHLESIAGGIVGLATGEIVGGAIGGVAGGMVLGPAGVLLGNRVGGFAGSVVGATIMGDVAPNLLRGGNVATVPGVNPVRLETALQKRAGDKVGATIGEVTGKTIGTVALGPVGAVIGTVIGGAVGGRIGEDAVHQFKHPSPSPSHPSSGNVLQDLQSWIDRTSRDFAGETSTAVLGSTLGGLFLGTSGRDTGRRIGSYVGRRLNWRDPSPPPILEATTSPA
NZ_JJML01000036.1_prot_WP_052128762.1_2284	cobahma-fl-sequences-nr.fasta	domain	122	180	Gly1	0.44	1.625e-19	Gly1_HMM_Profile	61	ESIAGGIVGLATGEIVGGAIGGVAGGMVLGPAGVLLGNRVGGFAGSVVGATIMGDVAP
NZ_JJML01000036.1_prot_WP_052128762.1_2284	cobahma-fl-sequences-nr.fasta	domain	200	257	Gly2	0.47	1.555e-24	Gly2_HMM_Profile	60	TALQKRAGDKVGATIGEVTGKTIGTVALGPVGAVIGTVIGGAVGGRIGEDAVHQFKH
NZ_JJML01000036.1_prot_WP_052128762.1_2284	cobahma-fl-sequences-nr.fasta	domain	274	328	Gly3	0.55	5.265e-25	Gly3_HMM_Profile	57	QSWIDRTSRDFAGETSTAVLGSTLGGLFLGTSGRDTGRRIGSYVGRRLNWRDPS
NZ_JJML01000036.1_prot_WP_052128762.1_2284	cobahma-fl-sequences-nr.fasta	domain	1	115	N-ter	100.0	4.9e-81	CoBaHMA-type||Neosynechococcus_sphagnicola_sy1	115	PDVLPQVGYEIVHSTLGRMRCRIRYLTLDESYAQQLEQQLRSQVWVSQMRINAAAASLIVEYSGSQLSPAEAEARLVAVMAQFSIVTKISPPGAPEPVAPPSIPEILPPAHSES
UniRef100_A0A098TJ90	cobahma-fl-sequences-nr.fasta	domain	117	340	GlyX3	0.61	3.038e-69	GlyX3_HMM_Profile	226	FQGHLESIAGGIVGLATGEIVGGAIGGVAGGMVLGPAGVLLGNRVGGFAGSVVGATIMGDVAPNLLRGGNVATVPGVNPVRLETALQKRAGDKVGATIGEVTGKTIGTVALGPVGAVIGTVIGGAVGGRIGEDAVHQFKHPSPSPSHPSSGNVLQDLQSWIDRTSRDFAGETSTAVLGSTLGGLFLGTSGRDTGRRIGSYVGRRLNWRDPSPPPILEATTSPA
UniRef100_A0A098TJ90	cobahma-fl-sequences-nr.fasta	domain	122	180	Gly1	0.44	1.625e-19	Gly1_HMM_Profile	61	ESIAGGIVGLATGEIVGGAIGGVAGGMVLGPAGVLLGNRVGGFAGSVVGATIMGDVAP
UniRef100_A0A098TJ90	cobahma-fl-sequences-nr.fasta	domain	200	257	Gly2	0.47	1.555e-24	Gly2_HMM_Profile	60	TALQKRAGDKVGATIGEVTGKTIGTVALGPVGAVIGTVIGGAVGGRIGEDAVHQFKH
UniRef100_A0A098TJ90	cobahma-fl-sequences-nr.fasta	domain	274	328	Gly3	0.55	5.265e-25	Gly3_HMM_Profile	57	QSWIDRTSRDFAGETSTAVLGSTLGGLFLGTSGRDTGRRIGSYVGRRLNWRDPS
UniRef100_A0A098TJ90	cobahma-fl-sequences-nr.fasta	domain	1	115	N-ter	100.0	4.9e-81	CoBaHMA-type||Neosynechococcus_sphagnicola_sy1	115	PDVLPQVGYEIVHSTLGRMRCRIRYLTLDESYAQQLEQQLRSQVWVSQMRINAAAASLIVEYSGSQLSPAEAEARLVAVMAQFSIVTKISPPGAPEPVAPPSIPEILPPAHSES
Thermosynechococcus_elongatus	cobahma-fl-sequences-nr.fasta	domain	106	319	GlyX3	0.48	6.211e-79	GlyX3_HMM_Profile	226	VGNKLTAMGGFLMGGYLGDILGGMVGGTAGGLLMGPGGAVMGVQVGTFVGGVIGARLGMEATEQMIQLQFTALEETPERIAKALEIHSGDKIGGAAGELAGGLAGQVVLGPVGETLGRVVGNMVGSQLGEDLGRQLAEPSPEGPPPPSLHFFLEWWVKTSQTFAKETLLATLGGIVARGILGPQAEAAGIRAGSRMSRHLDRQQSNTAAKEKK
Thermosynechococcus_elongatus	cobahma-fl-sequences-nr.fasta	domain	110	170	Gly1	0.43	8.833e-25	Gly1_HMM_Profile	61	LTAMGGFLMGGYLGDILGGMVGGTAGGLLMGPGGAVMGVQVGTFVGGVIGARLGMEATEQ
Thermosynechococcus_elongatus	cobahma-fl-sequences-nr.fasta	domain	186	244	Gly2	0.36	1.225e-25	Gly2_HMM_Profile	60	AKALEIHSGDKIGGAAGELAGGLAGQVVLGPVGETLGRVVGNMVGSQLGEDLGRQLAE
Thermosynechococcus_elongatus	cobahma-fl-sequences-nr.fasta	domain	258	312	Gly3	0.51	1.405e-26	Gly3_HMM_Profile	57	LEWWVKTSQTFAKETLLATLGGIVARGILGPQAEAAGIRAGSRMSRHLDRQQSN
Thermosynechococcus_elongatus	cobahma-fl-sequences-nr.fasta	domain	1	104	N-ter	99.038	1.75e-73	CoBaHMA-type||Thermosynechococcus_vulcanus_NIES-2134	104	ATAETAPIAELVHVTGDRLRLRIQELKTDVGFRDSLTAYLKTLRGIQSVHVNPLAASITIEYHREQITPLQLLAAIQFWGEVQIIGQGNRGLQNLTRAFDLEP
UniRef100_Q8DMV2	cobahma-fl-sequences-nr.fasta	domain	106	319	GlyX3	0.48	6.211e-79	GlyX3_HMM_Profile	226	VGNKLTAMGGFLMGGYLGDILGGMVGGTAGGLLMGPGGAVMGVQVGTFVGGVIGARLGMEATEQMIQLQFTALEETPERIAKALEIHSGDKIGGAAGELAGGLAGQVVLGPVGETLGRVVGNMVGSQLGEDLGRQLAEPSPEGPPPPSLHFFLEWWVKTSQTFAKETLLATLGGIVARGILGPQAEAAGIRAGSRMSRHLDRQQSNTAAKEKK
UniRef100_Q8DMV2	cobahma-fl-sequences-nr.fasta	domain	110	170	Gly1	0.43	8.833e-25	Gly1_HMM_Profile	61	LTAMGGFLMGGYLGDILGGMVGGTAGGLLMGPGGAVMGVQVGTFVGGVIGARLGMEATEQ
UniRef100_Q8DMV2	cobahma-fl-sequences-nr.fasta	domain	186	244	Gly2	0.36	1.225e-25	Gly2_HMM_Profile	60	AKALEIHSGDKIGGAAGELAGGLAGQVVLGPVGETLGRVVGNMVGSQLGEDLGRQLAE
UniRef100_Q8DMV2	cobahma-fl-sequences-nr.fasta	domain	258	312	Gly3	0.51	1.405e-26	Gly3_HMM_Profile	57	LEWWVKTSQTFAKETLLATLGGIVARGILGPQAEAAGIRAGSRMSRHLDRQQSN
UniRef100_Q8DMV2	cobahma-fl-sequences-nr.fasta	domain	1	104	N-ter	100.0	4.94e-74	CoBaHMA-type||Thermosynechococcus_elongatus	104	ATAETAPIAELVHVTGDRLRLRIQELKTDVGFRDSLTAYLKTLRGIQSVHVNPLAASITIEYHREQITPLQLLAAIQFWGEVQIIGQGNRGLQNLTRAFDLEP
NZ_AP018202.1_prot_WP_126984835.1_8	cobahma-fl-sequences-nr.fasta	domain	106	319	GlyX3	0.48	6.211e-79	GlyX3_HMM_Profile	226	VGNKLTAMGGFLMGGYLGDILGGMVGGTAGGLLMGPGGAVMGVQVGTFVGGVIGARLGMEATEQMIQLQFTALEETPERIAKALEIHSGDKIGGAAGELAGGLAGQVVLGPVGETLGRVVGNMVGSQLGEDLGRQLAEPSPEGPPPPSLHFFLEWWVKTSQTFAKETLLATLGGIVARGILGPQAEAAGIRAGSRMSRHLDRQQSNTAAKEKK
NZ_AP018202.1_prot_WP_126984835.1_8	cobahma-fl-sequences-nr.fasta	domain	110	170	Gly1	0.43	8.833e-25	Gly1_HMM_Profile	61	LTAMGGFLMGGYLGDILGGMVGGTAGGLLMGPGGAVMGVQVGTFVGGVIGARLGMEATEQ
NZ_AP018202.1_prot_WP_126984835.1_8	cobahma-fl-sequences-nr.fasta	domain	186	244	Gly2	0.36	1.225e-25	Gly2_HMM_Profile	60	AKALEIHSGDKIGGAAGELAGGLAGQVVLGPVGETLGRVVGNMVGSQLGEDLGRQLAE
NZ_AP018202.1_prot_WP_126984835.1_8	cobahma-fl-sequences-nr.fasta	domain	258	312	Gly3	0.51	1.405e-26	Gly3_HMM_Profile	57	LEWWVKTSQTFAKETLLATLGGIVARGILGPQAEAAGIRAGSRMSRHLDRQQSN
NZ_AP018202.1_prot_WP_126984835.1_8	cobahma-fl-sequences-nr.fasta	domain	1	104	N-ter	100.0	5.57e-74	CoBaHMA-type||Thermosynechococcus_vulcanus_NIES-2134	104	ATAETAPIAELVHLTGDRLRLRIQELKTDVGFRDSLTAYLKTLRGIQSVHVNPLAASITIEYHREQITPLQLLAAIQFWGEVQIIGQGNRGLQNLTRAFDLEP
UniRef100_A0A2H2XBG2	cobahma-fl-sequences-nr.fasta	domain	126	277	GlyX3	0.58	8.895e-44	GlyX3_HMM_Profile	226	AQAHLNRVGGELIGAAAGDVVGGAVGATAGAMVMGPAGAVLGGQIGVFVGGVIGTQVGAETVYHVEEQLARTASTEKAGLTPQHVTQIRQKGAAEKIGETVGQVFGGILGRIVMGPTGQIVGSVAGRAIVGQLGEDTASTTNTPQSQPKQE
UniRef100_A0A2H2XBG2	cobahma-fl-sequences-nr.fasta	domain	131	188	Gly1	0.38	1.288e-22	Gly1_HMM_Profile	61	NRVGGELIGAAAGDVVGGAVGATAGAMVMGPAGAVLGGQIGVFVGGVIGTQVGAETV
UniRef100_A0A2H2XBG2	cobahma-fl-sequences-nr.fasta	domain	212	268	Gly2	0.58	8.138e-21	Gly2_HMM_Profile	60	QIRQKGAAEKIGETVGQVFGGILGRIVMGPTGQIVGSVAGRAIVGQLGEDTASTTN
UniRef100_A0A2H2XBG2	cobahma-fl-sequences-nr.fasta	domain	1	105	N-ter	44.34	5.04e-24	CoBaHMA-type||Scytonema_millei_VB511283	115	SLPNDADTCQETSQKLATGLIVHATKGRLRVRVPRLGWDATYTSKLEQQIQSLSFVTNVVVNSAASCLTINYDVLMFPTDSVPPIDLLDAIEQVSNLKLNDKKD
CP006735.1_prot_AHB89148.1_1755	cobahma-fl-sequences-nr.fasta	domain	106	322	GlyX3	0.51	2.968e-78	GlyX3_HMM_Profile	226	VGNKLTSMGGFLIGGYVGDMLGGMAGGTAGGLFMGPAGVVMGVQVGTFVGGVIGARLGMEASEQMTQLQFTALEETPERLVKALEIRSGDKIGGAAGEIAGGLAGQVVLGPVGETLGRMVGNMVGSQLGEDLGRQLAEPSPEEPSPPSLHLFLEWWVKTSQTFMKETLLGTLGGIVARAMLGPQAEAEGIRAGTRISRHLDMQQSNTAPGEKKYNP
CP006735.1_prot_AHB89148.1_1755	cobahma-fl-sequences-nr.fasta	domain	110	170	Gly1	0.41	2.796e-24	Gly1_HMM_Profile	61	LTSMGGFLIGGYVGDMLGGMAGGTAGGLFMGPAGVVMGVQVGTFVGGVIGARLGMEASEQ
CP006735.1_prot_AHB89148.1_1755	cobahma-fl-sequences-nr.fasta	domain	188	244	Gly2	0.35	2.54e-25	Gly2_HMM_Profile	60	ALEIRSGDKIGGAAGEIAGGLAGQVVLGPVGETLGRMVGNMVGSQLGEDLGRQLAE
CP006735.1_prot_AHB89148.1_1755	cobahma-fl-sequences-nr.fasta	domain	258	312	Gly3	0.51	2.592e-25	Gly3_HMM_Profile	57	LEWWVKTSQTFMKETLLGTLGGIVARAMLGPQAEAEGIRAGTRISRHLDMQQSN
CP006735.1_prot_AHB89148.1_1755	cobahma-fl-sequences-nr.fasta	domain	1	104	N-ter	100.0	2.34e-70	CoBaHMA-type||Thermosynechococcus_sp._NK55a	104	ATAETTPIAVVMHLTGDRLRLRIQELKTDVGFRDSLTAYLKTLRGIKSVHVNPLAASITIEYHLEQITPLQLLAAIQFWGDVQIIGQGNRGLQNLTRAFDLEP
UniRef100_V5V6W9	cobahma-fl-sequences-nr.fasta	domain	106	322	GlyX3	0.51	2.968e-78	GlyX3_HMM_Profile	226	VGNKLTSMGGFLIGGYVGDMLGGMAGGTAGGLFMGPAGVVMGVQVGTFVGGVIGARLGMEASEQMTQLQFTALEETPERLVKALEIRSGDKIGGAAGEIAGGLAGQVVLGPVGETLGRMVGNMVGSQLGEDLGRQLAEPSPEEPSPPSLHLFLEWWVKTSQTFMKETLLGTLGGIVARAMLGPQAEAEGIRAGTRISRHLDMQQSNTAPGEKKYNP
UniRef100_V5V6W9	cobahma-fl-sequences-nr.fasta	domain	110	170	Gly1	0.41	2.796e-24	Gly1_HMM_Profile	61	LTSMGGFLIGGYVGDMLGGMAGGTAGGLFMGPAGVVMGVQVGTFVGGVIGARLGMEASEQ
UniRef100_V5V6W9	cobahma-fl-sequences-nr.fasta	domain	188	244	Gly2	0.35	2.54e-25	Gly2_HMM_Profile	60	ALEIRSGDKIGGAAGEIAGGLAGQVVLGPVGETLGRMVGNMVGSQLGEDLGRQLAE
UniRef100_V5V6W9	cobahma-fl-sequences-nr.fasta	domain	258	312	Gly3	0.51	2.592e-25	Gly3_HMM_Profile	57	LEWWVKTSQTFMKETLLGTLGGIVARAMLGPQAEAEGIRAGTRISRHLDMQQSN
UniRef100_V5V6W9	cobahma-fl-sequences-nr.fasta	domain	1	104	N-ter	100.0	2.34e-70	CoBaHMA-type||Thermosynechococcus_sp._NK55a	104	ATAETTPIAVVMHLTGDRLRLRIQELKTDVGFRDSLTAYLKTLRGIKSVHVNPLAASITIEYHLEQITPLQLLAAIQFWGDVQIIGQGNRGLQNLTRAFDLEP
NZ_CH724158.1_prot_WP_007100847.1_828	cobahma-fl-sequences-nr.fasta	domain	101	300	GlyX3	0.69	2.455e-49	GlyX3_HMM_Profile	226	WDQVSRDVGGSMIGAVAGQVLLAGTAGTVGAVLFGPKGALILGATGSLFGAVIGSVLGSALADGKNPVHSQVIPLTWNRLSTQLGEEMGTRSGTALGLAIAGPVGGLAGFAVGGMLGGQLGSDLTTGWKGVGKRRWFNSMVDDSAGEALSESLAARIGSLLGGNNPAARQIGASVGMRVGRKINWRASVEQRHLVNRLQ
NZ_CH724158.1_prot_WP_007100847.1_828	cobahma-fl-sequences-nr.fasta	domain	107	164	Gly1	0.6	1.645e-17	Gly1_HMM_Profile	61	DVGGSMIGAVAGQVLLAGTAGTVGAVLFGPKGALILGATGSLFGAVIGSVLGSALAD
NZ_CH724158.1_prot_WP_007100847.1_828	cobahma-fl-sequences-nr.fasta	domain	176	228	Gly2	0.58	4.232e-20	Gly2_HMM_Profile	60	TWNRLSTQLGEEMGTRSGTALGLAIAGPVGGLAGFAVGGMLGGQLGSDLTTG
NZ_CH724158.1_prot_WP_007100847.1_828	cobahma-fl-sequences-nr.fasta	domain	233	289	Gly3	0.65	2.778e-20	Gly3_HMM_Profile	57	KRRWFNSMVDDSAGEALSESLAARIGSLLGGNNPAARQIGASVGMRVGRKINWRAS
NZ_CH724158.1_prot_WP_007100847.1_828	cobahma-fl-sequences-nr.fasta	domain	1	99	N-ter	100.0	1.08e-69	CoBaHMA-type||Synechococcus_sp._RS9917	99	NPRSNTLQVVHELPGRLRLRWPADLTAEEQRGLQSMLLAEPWVAALRCSAASRSLVITLAAGCTAVRWQIALAAMGWQLSDGHHASPATTPEPSAPAT
UniRef100_A3Z4P0	cobahma-fl-sequences-nr.fasta	domain	101	300	GlyX3	0.69	2.455e-49	GlyX3_HMM_Profile	226	WDQVSRDVGGSMIGAVAGQVLLAGTAGTVGAVLFGPKGALILGATGSLFGAVIGSVLGSALADGKNPVHSQVIPLTWNRLSTQLGEEMGTRSGTALGLAIAGPVGGLAGFAVGGMLGGQLGSDLTTGWKGVGKRRWFNSMVDDSAGEALSESLAARIGSLLGGNNPAARQIGASVGMRVGRKINWRASVEQRHLVNRLQ
UniRef100_A3Z4P0	cobahma-fl-sequences-nr.fasta	domain	107	164	Gly1	0.6	1.645e-17	Gly1_HMM_Profile	61	DVGGSMIGAVAGQVLLAGTAGTVGAVLFGPKGALILGATGSLFGAVIGSVLGSALAD
UniRef100_A3Z4P0	cobahma-fl-sequences-nr.fasta	domain	176	228	Gly2	0.58	4.232e-20	Gly2_HMM_Profile	60	TWNRLSTQLGEEMGTRSGTALGLAIAGPVGGLAGFAVGGMLGGQLGSDLTTG
UniRef100_A3Z4P0	cobahma-fl-sequences-nr.fasta	domain	233	289	Gly3	0.65	2.778e-20	Gly3_HMM_Profile	57	KRRWFNSMVDDSAGEALSESLAARIGSLLGGNNPAARQIGASVGMRVGRKINWRAS
UniRef100_A3Z4P0	cobahma-fl-sequences-nr.fasta	domain	1	99	N-ter	100.0	1.08e-69	CoBaHMA-type||Synechococcus_sp._RS9917	99	NPRSNTLQVVHELPGRLRLRWPADLTAEEQRGLQSMLLAEPWVAALRCSAASRSLVITLAAGCTAVRWQIALAAMGWQLSDGHHASPATTPEPSAPAT
NZ_ADXL01000065.1_prot_WP_010309903.1_1141	cobahma-fl-sequences-nr.fasta	domain	83	288	GlyX3	0.67	2.77e-51	GlyX3_HMM_Profile	226	WVRMVRQMGGNIMGAAVGQVLLGGGGAALGAWLLGARGAVMGGACGALLGSVVGSVAGGELADGDSPLRKGDLGSVSMRKLGGKLGEEAGWSTGAAIGAALAGPAGAVAGMTLGSMVAGQAVEDLIASHGRDRQVGRVSWLVRLGEDQAGERASEALLGGLGRGLSGGQEWGAQLGTRLGGSLGRKIDWASSWSRHQLVSRIKPR
NZ_ADXL01000065.1_prot_WP_010309903.1_1141	cobahma-fl-sequences-nr.fasta	domain	88	146	Gly1	0.58	1.666e-17	Gly1_HMM_Profile	61	RQMGGNIMGAAVGQVLLGGGGAALGAWLLGARGAVMGGACGALLGSVVGSVAGGELAD
NZ_ADXL01000065.1_prot_WP_010309903.1_1141	cobahma-fl-sequences-nr.fasta	domain	158	213	Gly2	0.61	5.874e-20	Gly2_HMM_Profile	60	VSMRKLGGKLGEEAGWSTGAAIGAALAGPAGAVAGMTLGSMVAGQAVEDLIASHG
NZ_ADXL01000065.1_prot_WP_010309903.1_1141	cobahma-fl-sequences-nr.fasta	domain	220	276	Gly3	0.54	8.214e-18	Gly3_HMM_Profile	57	VSWLVRLGEDQAGERASEALLGGLGRGLSGGQEWGAQLGTRLGGSLGRKIDWASSW
NZ_ADXL01000065.1_prot_WP_010309903.1_1141	cobahma-fl-sequences-nr.fasta	domain	9	89	N-ter	100.0	4.04e-57	CoBaHMA-type||Synechococcus_sp._CB0101	89	LRYSELMPDAALEALIAALWGQPWVHALQQRRASRSLVLELEPGCTPVRWHLALADLGCGLVDRRRTEAPIDSPWVRMVR
UniRef100_B7KAL3	cobahma-fl-sequences-nr.fasta	domain	138	283	GlyX3	0.66	2.21e-29	GlyX3_HMM_Profile	226	KMQTIGGRMIGSSVGRFMGIGIGAVTGGIFLGPLGLIPGGGVGSALGKMVGSQVGEQAVRYLSDPSLILEALETEQDIDLPQMVQSSLERGATELIGETLGSVVGITVGGATLGPVGSLMGSIVGGVIGGQISEQLWDEQQAEKN
UniRef100_B7KAL3	cobahma-fl-sequences-nr.fasta	domain	139	198	Gly1	0.57	1.029e-13	Gly1_HMM_Profile	61	MQTIGGRMIGSSVGRFMGIGIGAVTGGIFLGPLGLIPGGGVGSALGKMVGSQVGEQAVR
UniRef100_B7KAL3	cobahma-fl-sequences-nr.fasta	domain	222	276	Gly2	0.58	2.435e-16	Gly2_HMM_Profile	60	QSSLERGATELIGETLGSVVGITVGGATLGPVGSLMGSIVGGVIGGQISEQLWD
MWMJ01000016.1_prot_OUE49294.1_331	cobahma-fl-sequences-nr.fasta	domain	73	261	GlyX3	0.64	2.936e-51	GlyX3_HMM_Profile	226	WEQIGLEIGASLIGASVGGALGQSFGFFIAGPPGAATGSFLGLVIGAVAATESLDNFQRKSDLNTELNSAKTRVSSRLASRLGEEAGAMAGLRIGGLIAGPLGASTGALIGTLLLGQIGEDAALHRSEQWRNPLQWLTQTGRSAAGEAASQNLFGLLGGAILQNPGRKAGEKLGLYLGRRINWQNLKP
MWMJ01000016.1_prot_OUE49294.1_331	cobahma-fl-sequences-nr.fasta	domain	80	128	Gly1	0.56	7.53e-12	Gly1_HMM_Profile	61	IGASLIGASVGGALGQSFGFFIAGPPGAATGSFLGLVIGAVAATESLD
MWMJ01000016.1_prot_OUE49294.1_331	cobahma-fl-sequences-nr.fasta	domain	144	202	Gly2	0.54	1.556e-21	Gly2_HMM_Profile	60	TRVSSRLASRLGEEAGAMAGLRIGGLIAGPLGASTGALIGTLLLGQIGEDAALHRSEQ
MWMJ01000016.1_prot_OUE49294.1_331	cobahma-fl-sequences-nr.fasta	domain	206	259	Gly3	0.59	2.166e-23	Gly3_HMM_Profile	57	LQWLTQTGRSAAGEAASQNLFGLLGGAILQNPGRKAGEKLGLYLGRRINWQNL
MWMJ01000016.1_prot_OUE49294.1_331	cobahma-fl-sequences-nr.fasta	domain	1	71	N-ter	100.0	3.6e-49	CoBaHMA-type||Synechococcus_sp._Lanier	71	LPKRIRLKLIHGSYKNVIEVASSLGGHWHGASRSLIVLNPPTLSQVSANLYNQGWWLQAPHPLLVANPKT
UniRef100_A0A6G9SA77	cobahma-fl-sequences-nr.fasta	domain	260	397	GlyX3	0.67	6.958e-22	GlyX3_HMM_Profile	226	QTEVEKVGSEVLGGIVGGIVGETVGGVIAGPIGMVVGEQVGTVMGAILGEDLDKQAENVNHPEAQKHAESETQEEIEVSASETIGGKIGETMGEIVGEVLLGEEGGVIGKDMGEKIGSAVIEILEEEVIVNSESGEQ
UniRef100_A0A6G9SA77	cobahma-fl-sequences-nr.fasta	domain	262	316	Gly2	0.56	2.954e-13	Gly2_HMM_Profile	60	EVEKVGSEVLGGIVGGIVGETVGGVIAGPIGMVVGEQVGTVMGAILGEDLDKQA
UniRef100_A0A6G9SA77	cobahma-fl-sequences-nr.fasta	domain	10	107	N-ter	35.714	3.44e-13	CoBaHMA-type||Neosynechococcus_sphagnicola_sy1	115	GRIRIRIPLLAEEAEYASKLQKRVESLNYVTNVRINPLAESMIVTYKYKFVSCTEMQTHLQEAIAQVASPQPPSAPPASEPKVTQVTSSPSPSPSPT
