sequence_accession	sequence_src	flag	nter	nter_neighbor	cter	sequence	iteration
CP006735.1_prot_AHB89148.1_1755	cobahma-fl-sequences-nr.fasta	Calcyanin with known N-ter	CoBaHMA-type	Thermosynechococcus_sp._NK55a	Gly1,Gly2,Gly3	MATAETTPIAVVMHLTGDRLRLRIQELKTDVGFRDSLTAYLKTLRGIKSVHVNPLAASITIEYHLEQITPLQLLAAIQFWGDVQIIGQGNRGLQNLTRAFDLEPEEVGNKLTSMGGFLIGGYVGDMLGGMAGGTAGGLFMGPAGVVMGVQVGTFVGGVIGARLGMEASEQMTQLQFTALEETPERLVKALEIRSGDKIGGAAGEIAGGLAGQVVLGPVGETLGRMVGNMVGSQLGEDLGRQLAEPSPEEPSPPSLHLFLEWWVKTSQTFMKETLLGTLGGIVARAMLGPQAEAEGIRAGTRISRHLDMQQSNTAPGEKKYNPKVIAYGDVQRDRSELMLDTILLLIIVVMGIAVGFNSIDLLPETVLAQVANVRGLQWVMAGFGAIVGIALGLLLQSLYHRLERSIRQLPPETLLSRAVGLVVGLLLANLMLAPIFLLPIPKDFSFIKPLIAVLTSILFAYSGTTLADSHGPALLRLINPNAVASSLLAEGMLKPARAKVLDTSCIIDGRIEALLNLGVFEGQIIVPQFVLQELQLIADAGNEQKRIRGRRGLDVLNRLQASLGDRIVIHSADYPELTTVDAKLVRLCQEINGTLVTNDLNLNKVARFQKVDVFNVNEVAQALRPIYLPGDTLELKILKEGKEPAQGVGYLEDGTMVVVEEGVDHIGDQLSVVVTSALQTSAGRMIFARLQMPTMA	0
Candidatus_Synechococcus_calcipolaris	cobahma-fl-sequences-nr.fasta	Calcyanin with known N-ter	CoBaHMA-type	Thermosynechococcus_vulcanus_NIES-2134	Gly1,Gly2,Gly3	MPKPSDDEESLPPVAELVHLTRDRLRLRLPLLKKDPDYGRYLQDYLKPIPGITEVRLNLQAASLSIHYALDLITPLQILALIERWGDVQIIGQGHKGLENLTRAFELEPQEVGGKLKQMGGFVVGGQIGDVVGGVVGGTAGGVFMGPAGMLMGAQVGTFVGGVIGGRLGIEAMEQISQLTFQDMQDAPGPKTALTPEEIRREAEIAKALEIRSGAKMGEVVGELAGGIAGQTVLGPPGEAVGRVLGEMLGGQIGEDVSRQVAEKSEAAIPTDLSVNIVLEWWMKTSRAFVGETALATLGGLLSRVILGPQAESVGLRAGTRVGRLVDWNGQDGQKTKEMAETPPTETEITTSPESNREGKSV	0
Chroococcidiopsis_thermalis_PCC_7203	cobahma-fl-sequences-nr.fasta	Calcyanin with known N-ter	CoBaHMA-type	Scytonema_millei_VB511283	Gly1,Gly2,Gly3	MSLAVELDAAEESTVVKVRSAIAHAVAGRLRLRLLQPIEDAAYAQLEQQIRSLAFVESIRVNPTVGCLTITYEVTQFASTPIPPLELLAAIAQVSNLQIDLGTNISDSMNSDRQPDAAQSQLRTFGATLVGGAVGDMFGGAIGATAGAIVMGPAGAILGGQIGVFVGSIIGAQIGAETVHHVDQFVSLANIQGTGLTAEKIAQTLQKRASEKMGETTGQIFGAVAGKVVLGPTGAVFGSILGGAIGAQLGEDTATATNPQRLPATTQQWFVQTTQKFVGETATVTVGGAVGKIVLGSPGQQMGLKLGKRISKIVEWDTTPHRVVDITPTPQLLGETQTGDRQSY	0
Cyanothece_sp_PCC_7425	cobahma-fl-sequences-nr.fasta	Calcyanin with new N-ter			Gly1,Gly2,Gly3	MTSTSVNCSPGYESADAARSLIPAFLIHAITGRLRLRIERLRQDKAYGVCLQQQIQSLAGVVSIRVNPEAGSIVVDYQVVMGQEAQTQAELLKVLQEVCNLHVQFPKGSLPTTALVTEPLASPQPAATATEPFPGIDLAPREIESKLKEIGGAVLGGAAGDLVGGAIGGAAGAAVMGPPGAILGSQMGVFVGGVIGAKLGAETITQLDQLQSDPASSPEVLTGKVTASLTKRAGEKIGETTGELVGGMVGRVVLGPTGEIVGTIVGGAIAGQLGEDALQQQPAETTETAEAATPEEMASKTNSWLEKTAKGFVGETASATIGGALGSLALGPQGKEVGMKLGNRISRFIDWEGKEKPSPDKPAPELPPPAS	0
MWMJ01000016.1_prot_OUE49294.1_331	cobahma-fl-sequences-nr.fasta	Calcyanin with known N-ter	CoBaHMA-type	Synechococcus_sp._Lanier	Gly1,Gly2,Gly3	MLPKRIRLKLIHGSYKNVIEVASSLGGHWHGASRSLIVLNPPTLSQVSANLYNQGWWLQAPHPLLVANPKTNPWEQIGLEIGASLIGASVGGALGQSFGFFIAGPPGAATGSFLGLVIGAVAATESLDNFQRKSDLNTELNSAKTRVSSRLASRLGEEAGAMAGLRIGGLIAGPLGASTGALIGTLLLGQIGEDAALHRSEQWRNPLQWLTQTGRSAAGEAASQNLFGLLGGAILQNPGRKAGEKLGLYLGRRINWQNLKPLTN	0
NZ_ADXL01000065.1_prot_WP_010309903.1_1141	cobahma-fl-sequences-nr.fasta	Calcyanin with known N-ter	CoBaHMA-type	Synechococcus_sp._CB0101	Gly1,Gly2,Gly3	MHATNQRLRLRYSELMPDAALEALIAALWGQPWVHALQQRRASRSLVLELEPGCTPVRWHLALADLGCGLVDRRRTEAPIDSPWVRMVRQMGGNIMGAAVGQVLLGGGGAALGAWLLGARGAVMGGACGALLGSVVGSVAGGELADGDSPLRKGDLGSVSMRKLGGKLGEEAGWSTGAAIGAALAGPAGAVAGMTLGSMVAGQAVEDLIASHGRDRQVGRVSWLVRLGEDQAGERASEALLGGLGRGLSGGQEWGAQLGTRLGGSLGRKIDWASSWSRHQLVSRIKPRVAPPASMSSAQLQL	0
NZ_AP018202.1_prot_WP_126984835.1_8	cobahma-fl-sequences-nr.fasta	Calcyanin with known N-ter	CoBaHMA-type	Thermosynechococcus_vulcanus_NIES-2134	Gly1,Gly2,Gly3	MATAETAPIAELVHLTGDRLRLRIQELKTDVGFRDSLTAYLKTLRGIQSVHVNPLAASITIEYHREQITPLQLLAAIQFWGEVQIIGQGNRGLQNLTRAFDLEPEEVGNKLTAMGGFLMGGYLGDILGGMVGGTAGGLLMGPGGAVMGVQVGTFVGGVIGARLGMEATEQMIQLQFTALEETPERIAKALEIHSGDKIGGAAGELAGGLAGQVVLGPVGETLGRVVGNMVGSQLGEDLGRQLAEPSPEGPPPPSLHFFLEWWVKTSQTFAKETLLATLGGIVARGILGPQAEAAGIRAGSRMSRHLDRQQSNTAAKEKKV	0
NZ_CH724158.1_prot_WP_007100847.1_828	cobahma-fl-sequences-nr.fasta	Calcyanin with known N-ter	CoBaHMA-type	Synechococcus_sp._RS9917	Gly1,Gly2,Gly3	MNPRSNTLQVVHELPGRLRLRWPADLTAEEQRGLQSMLLAEPWVAALRCSAASRSLVITLAAGCTAVRWQIALAAMGWQLSDGHHASPATTPEPSAPATGGWDQVSRDVGGSMIGAVAGQVLLAGTAGTVGAVLFGPKGALILGATGSLFGAVIGSVLGSALADGKNPVHSQVIPLTWNRLSTQLGEEMGTRSGTALGLAIAGPVGGLAGFAVGGMLGGQLGSDLTTGWKGVGKRRWFNSMVDDSAGEALSESLAARIGSLLGGNNPAARQIGASVGMRVGRKINWRASVEQRHLVNRLQVPT	0
NZ_CP018092.1_prot_WP_099799411.1_2103	cobahma-fl-sequences-nr.fasta	Calcyanin with known N-ter	CoBaHMA-type	Synechococcus_lividus_PCC_6715	Gly1,Gly2,Gly3	MAAADTAPIAEVMHLTGDRLRLRIQELKREPAFRDSLVAYLHTLEGIRAVHCNPLAASLTLEYQLEQITPLQLLAAIQLWGDVQIVGQGNQGLQNLTRAFALEPEEVGHKATAMGGFVVGGYLGDMVGGMVGATAGGVFMGPAGAVMGVQVGTFVGGVIGARLGMSTTEQISQLQFTSFEQTPQQVAKALEVRTGDKIGETAGEIAGGLAGQVVMGPVGETVGRVLGSMIGSQVGEDLGRQIAEPTPVDPTPPSVDVVLEWWLKASRSFVGETLWATLGGLLARLTLGPHAEAVGIRAGTRISRQLDMSEPALTTAPQKKEV	0
NZ_JJML01000036.1_prot_WP_052128762.1_2284	cobahma-fl-sequences-nr.fasta	Calcyanin with known N-ter	CoBaHMA-type	Neosynechococcus_sphagnicola_sy1	Gly1,Gly2,Gly3	MPDVLPQVGYEIVHSTLGRMRCRIRYLTLDESYAQQLEQQLRSQVWVSQMRINAAAASLIVEYSGSQLSPAEAEARLVAVMAQFSIVTKISPPGAPEPVAPPSIPEILPPAHSESQAFQGHLESIAGGIVGLATGEIVGGAIGGVAGGMVLGPAGVLLGNRVGGFAGSVVGATIMGDVAPNLLRGGNVATVPGVNPVRLETALQKRAGDKVGATIGEVTGKTIGTVALGPVGAVIGTVIGGAVGGRIGEDAVHQFKHPSPSPSHPSSGNVLQDLQSWIDRTSRDFAGETSTAVLGSTLGGLFLGTSGRDTGRRIGSYVGRRLNWRDPSPPPILEATTSPASPAPESTAIASPPTMMSEGTQSLPPATEPSLGDHG	0
Synechococcus_PCC_6716	cobahma-fl-sequences-nr.fasta	Calcyanin with known N-ter	CoBaHMA-type	Synechococcus_PCC_6717	Gly1,Gly2,Gly3	MAAADTAPIAEVMHLTGDRLRLRIQELKRDPAFRDSLVAYLHTLEGIRAVHCNPLAASVTLEYQLEQITPLQLLAAIQLWGDVQIVGQGNKGLRNLTRAFALEPEEVGHKATAMGGFVVGGYLGDMVGGMVGATAGGVFMGPAGAVMGVQVGTFVGGVIGARLGMSTTEQISQLQFTSFEQTPQQVAKALEVRTGDKIGETAGEIAGGLAGQVVMGPVGETVGRVLGSMIGSQVGEDLGRQIAEPTPVDPTPPSVNVVLEWWLKASRSFVGETLWATLGGVLARLTLGPHAEAVGIRAGTRISRQLDMSEPALTTAPQKKEV	0
Synechococcus_PCC_6717	cobahma-fl-sequences-nr.fasta	Calcyanin with known N-ter	CoBaHMA-type	Synechococcus_lividus_PCC_6715	Gly1,Gly2,Gly3	MAAADTAPIAEVMHLTGDRLRLRIQELKREPAFRDSLVAYLHTLEGIRAVHCNPLAASLTLEYQLEQITPLQLLAAIQLWGDVQIVGQGNQGLQNLTRAFALEPEEVGHKATAMGGFVVGGYLGDMVGGMVGATAGGVFMGPAGAVMGVQVGTFVGGVIGARLGMSTTEQISQLQFTSFEQTPQQVAKALEVRTGDKIGETAGEIAGGLAGQVVMGPVGETVGRVLGSMIGSQVGEDLGRQIAEPTPVDPTPPSVDVVLEWWLKASRSFVGETLWATLGGVLARLTLGPQAEAVGIRAGTRISRQLDMSEPALTTAPQKKEV	0
Synechococcus_sp_PCC_6312	cobahma-fl-sequences-nr.fasta	Calcyanin with known N-ter	CoBaHMA-type	Candidatus_Synechococcus_calcipolaris	Gly1,Gly2,Gly3	MSSTSPSSSQPPPGPDPVIQAELVHLTPDRLRLKIPHLRQDPGYGTYLQQHLQAQTGITEVRLNSTAQSLTLHWNPQVISLPQLLTQLQAIGDLEVIGQGNHGITNLTRAFALEPEQVSDKAQDIGSFIVGGQVGDVVGGIAGAAVGGATIGPAGVVLGTQVGTFVGGVIGARVCVESMQTLKEHAFDLQTLCLDKTKEKVTQSLEIRTSSKAGEVAGEITGGLVGGALLGPPGEIIGQMMGNMVGGQIAEDAARQVISPDPKPDTTAPTSSSVNIVLEWWMKTSRAFVGETALATLGGLLMRLILGPQAEAVGLKAGSRAGRIIDWNTESASCKQPQSNQAKTEEL	0
Thermosynechococcus_elongatus	cobahma-fl-sequences-nr.fasta	Calcyanin with known N-ter	CoBaHMA-type	Thermosynechococcus_vulcanus_NIES-2134	Gly1,Gly2,Gly3	MATAETAPIAELVHVTGDRLRLRIQELKTDVGFRDSLTAYLKTLRGIQSVHVNPLAASITIEYHREQITPLQLLAAIQFWGEVQIIGQGNRGLQNLTRAFDLEPEEVGNKLTAMGGFLMGGYLGDILGGMVGGTAGGLLMGPGGAVMGVQVGTFVGGVIGARLGMEATEQMIQLQFTALEETPERIAKALEIHSGDKIGGAAGELAGGLAGQVVLGPVGETLGRVVGNMVGSQLGEDLGRQLAEPSPEGPPPPSLHFFLEWWVKTSQTFAKETLLATLGGIVARGILGPQAEAAGIRAGSRMSRHLDRQQSNTAAKEKKV	0
UniRef100_A0A098TJ90	cobahma-fl-sequences-nr.fasta	Calcyanin with known N-ter	CoBaHMA-type	Neosynechococcus_sphagnicola_sy1	Gly1,Gly2,Gly3	MPDVLPQVGYEIVHSTLGRMRCRIRYLTLDESYAQQLEQQLRSQVWVSQMRINAAAASLIVEYSGSQLSPAEAEARLVAVMAQFSIVTKISPPGAPEPVAPPSIPEILPPAHSESQAFQGHLESIAGGIVGLATGEIVGGAIGGVAGGMVLGPAGVLLGNRVGGFAGSVVGATIMGDVAPNLLRGGNVATVPGVNPVRLETALQKRAGDKVGATIGEVTGKTIGTVALGPVGAVIGTVIGGAVGGRIGEDAVHQFKHPSPSPSHPSSGNVLQDLQSWIDRTSRDFAGETSTAVLGSTLGGLFLGTSGRDTGRRIGSYVGRRLNWRDPSPPPILEATTSPASPAPESTAIASPPTMMSEGTQSLPPATEPSLGDHG	0
UniRef100_A0A2D2Q3J4	cobahma-fl-sequences-nr.fasta	Calcyanin with known N-ter	CoBaHMA-type	Synechococcus_PCC_6717	Gly1,Gly2,Gly3	MAAADTAPIAEVMHLTGDRLRLRIQELKREPAFRDSLVAYLHTLEGIRAVHCNPLAASLTLEYQLEQITPLQLLAAIQLWGDVQIVGQGNQGLQNLTRAFALEPEEVGHKATAMGGFVVGGYLGDMVGGMVGATAGGVFMGPAGAVMGVQVGTFVGGVIGARLGMSTTEQISQLQFTSFEQTPQQVAKALEVRTGDKIGETAGEIAGGLAGQVVMGPVGETVGRVLGSMIGSQVGEDLGRQIAEPTPVDPTPPSVDVVLEWWLKASRSFVGETLWATLGGLLARLTLGPHAEAVGIRAGTRISRQLDMSEPALTTAPQKKEV	0
UniRef100_A0A2H2XBG2	cobahma-fl-sequences-nr.fasta	Atypical Gly region with known N-ter	CoBaHMA-type	Scytonema_millei_VB511283	Gly1,Gly2	MSLPNDADTCQETSQKLATGLIVHATKGRLRVRVPRLGWDATYTSKLEQQIQSLSFVTNVVVNSAASCLTINYDVLMFPTDSVPPIDLLDAIEQVSNLKLNDKKDTLVDLSSNNNDIEGILFNPQAAQAHLNRVGGELIGAAAGDVVGGAVGATAGAMVMGPAGAVLGGQIGVFVGGVIGTQVGAETVYHVEEQLARTASTEKAGLTPQHVTQIRQKGAAEKIGETVGQVFGGILGRIVMGPTGQIVGSVAGRAIVGQLGEDTASTTNTPQSQPKQEKLENTPQ	0
UniRef100_A0A3M2FQJ0	cobahma-fl-sequences-nr.fasta	Calcyanin with known N-ter	CoBaHMA-type	Thermosynechococcus_sp._NK55a	Gly1,Gly2,Gly3	MATAETTPIAVVMHLTGDRLRLRIQELKTDVGFRDSLTAYLETLRGIKSVHVNPLAASITIEYHLEQITPLQLLAAIQFWGDVQIIGQGNRGLQNLTRAFDLEPEEVGNKLTSMGGFLIGGYVGDMLGGMAGGTAGGLFMGPAGVVMGVQVGTFVGGVIGARLGMEASEQMTQLQFTALEETPERLVKALEIRSGDKIGGAAGEIAGGLAGQVVLGPVGETLGRMVGNMVGSQLGEDLGRQLAEPSPEEPSPPSLHLFLEWWVKTSQTFMKETLLGTLGGIVARAMLGPQAEAEGIRAGTRISRHLDMQQSNTAPREKKV	0
UniRef100_A0A433VEI5	cobahma-fl-sequences-nr.fasta	Calcyanin with known N-ter	CoBaHMA-type	Chroococcidiopsis_thermalis_PCC_7203	Gly1,Gly2,Gly3	MSLSVELDAAEESTVVKVRSAIAHAVAGRLRLRLLQPIEDAAYAQLEQQIRSLAFVESIRVNPTVGCLTITYEVTQFASTPIPPLELLAAIAQVSNLQIDLGTNISDSMNSDRQPDAAQSQLRTFGATLVGGAVGDMFGGAIGATAGAIVMGPAGAILGGQIGVFVGSIIGAQIGAETVHHVDQFVSLANIQGTGLTAEKIAQTLQKRASEKMGETTGQIFGAVAGKVVLGPTGAVFGSIVGGAIGAQLGEDTTTTTNLQRSTATTQQWFVQTTQKFVGETATVTVGGAVGKIVLGSPGQQMGLKLGKRISKIVDWNVTVHQVGEITPTPQQSVENSQTSDRQSY	0
UniRef100_A0A5C2M6G8	cobahma-fl-sequences-nr.fasta	Calcyanin with known N-ter	CoBaHMA-type	Thermosynechococcus_sp._NK55a	Gly1,Gly2,Gly3	MATAETAPIAEVMHLTGDRLRLRIQELKTDAAFRDSLSAYLKTRQGIKSVHVNPLAASITIEYHLEQITPLQLLAAIQFWGDVQIIGQGNKGLQNLTRAFDLEPEEVGNKLTSMGGFLMGGYVGDILGGMVGGTAGGLFMGPAGAVMGVQVGTFVGGVIGARLGMEATEQITQLQFTALEETPERVAKVLEIRTGDKIGGTAGEIAGGLAGQVVLGPVGETVGRVVGNMVGAQLGEDLGRQLAAPSPEEPPPPSLHLFLEWWVKTSQAFTKETLWATLGGMVARAILGPQAEAEGIRAGTRISRHLDMQQPNTAAKEKKV	0
UniRef100_A0A6G9SA77	cobahma-fl-sequences-nr.fasta	Atypical Gly region with known N-ter	CoBaHMA-type	Neosynechococcus_sphagnicola_sy1	Gly2	MDYQIVHAVEGRIRIRIPLLAEEAEYASKLQKRVESLNYVTNVRINPLAESMIVTYKYKFVSCTEMQTHLQEAIAQVASPQPPSAPPASEPKVTQVTSSPSPSPSPTAELAVEEKSPEVSTGVAQAQFAYSVEQVDLDKDPWEEETTPVIEPPSDEVPGDLSTPEVSTIEDDQAKDELVDTVTQQVNSDVTPLQTSALARRLEVHPKALSRYKSKPDFSLWSQKKDPNNIAWTYDSVSKIFRPTQLTVSTDQSNLQEQRMQTEVEKVGSEVLGGIVGGIVGETVGGVIAGPIGMVVGEQVGTVMGAILGEDLDKQAENVNHPEAQKHAESETQEEIEVSASETIGGKIGETMGEIVGEVLLGEEGGVIGKDMGEKIGSAVIEILEEEVIVNSESGEQESQQN	0
UniRef100_A3Z4P0	cobahma-fl-sequences-nr.fasta	Calcyanin with known N-ter	CoBaHMA-type	Synechococcus_sp._RS9917	Gly1,Gly2,Gly3	MNPRSNTLQVVHELPGRLRLRWPADLTAEEQRGLQSMLLAEPWVAALRCSAASRSLVITLAAGCTAVRWQIALAAMGWQLSDGHHASPATTPEPSAPATGGWDQVSRDVGGSMIGAVAGQVLLAGTAGTVGAVLFGPKGALILGATGSLFGAVIGSVLGSALADGKNPVHSQVIPLTWNRLSTQLGEEMGTRSGTALGLAIAGPVGGLAGFAVGGMLGGQLGSDLTTGWKGVGKRRWFNSMVDDSAGEALSESLAARIGSLLGGNNPAARQIGASVGMRVGRKINWRASVEQRHLVNRLQVPT	0
UniRef100_B7KAL3	cobahma-fl-sequences-nr.fasta	Atypical Gly region with new N-ter			Gly1,Gly2	MTNSQDNPSLTQSIETLLWEIVHHTPGRIRIRIAWLQEYPLLHEPLKVGITDLDSVTEVRVSSINNSVTVHYTPNAVDCEQIPGQLWEIIYPLTPLNWLSEQLKTLGNSEPVSNPSIKESDPFSVFYLETETLETLTLKMQTIGGRMIGSSVGRFMGIGIGAVTGGIFLGPLGLIPGGGVGSALGKMVGSQVGEQAVRYLSDPSLILEALETEQDIDLPQMVQSSLERGATELIGETLGSVVGITVGGATLGPVGSLMGSIVGGVIGGQISEQLWDEQQAEKNSQE	0
UniRef100_B8HLW5	cobahma-fl-sequences-nr.fasta	Calcyanin with known N-ter	CoBaHMA-type	Cyanothece_sp_PCC_7425	Gly1,Gly2,Gly3	MTSTSVNCSPGYESADAARSLIPAFLIHAITGRLRLRIERLRQDKAYGVCLQQQIQSLAGVVSIRVNPEAGSIVVDYQVVMGQEAQTQAELLKVLQEVCNLHVQFPKGSLPTTALVTEPLASPQPAATATEPFPGIDLAPREIESKLKEIGGAVLGGAAGDLVGGAIGGAAGAAVMGPPGAILGSQMGVFVGGVIGAKLGAETITQLDQLQSDPASSPEVLTGKVTASLTKRAGEKIGETTGELVGGMVGRVVLGPTGEIVGTIVGGAIAGQLGEDALQQQPAETTETAEAATPEEMASKTNSWLEKTAKGFVGETASATIGGALGSLALGPQGKEVGMKLGNRISRFIDWEGKEKPSPDKPAPELPPPAS	0
UniRef100_K9S008	cobahma-fl-sequences-nr.fasta	Calcyanin with known N-ter	CoBaHMA-type	Synechococcus_sp_PCC_6312	Gly1,Gly2,Gly3	MSSTSPSSSQPPPGPDPVIQAELVHLTPDRLRLKIPHLRQDPGYGTYLQQHLQAQTGITEVRLNSTAQSLTLHWNPQVISLPQLLTQLQAIGDLEVIGQGNHGITNLTRAFALEPEQVSDKAQDIGSFIVGGQVGDVVGGIAGAAVGGATIGPAGVVLGTQVGTFVGGVIGARVCVESMQTLKEHAFDLQTLCLDKTKEKVTQSLEIRTSSKAGEVAGEITGGLVGGALLGPPGEIIGQMMGNMVGGQIAEDAARQVISPDPKPDTTAPTSSSVNIVLEWWMKTSRAFVGETALATLGGLLMRLILGPQAEAVGLKAGSRAGRIIDWNTESASCKQPQSNQAKTEEL	0
UniRef100_Q8DMV2	cobahma-fl-sequences-nr.fasta	Calcyanin with known N-ter	CoBaHMA-type	Thermosynechococcus_elongatus	Gly1,Gly2,Gly3	MATAETAPIAELVHVTGDRLRLRIQELKTDVGFRDSLTAYLKTLRGIQSVHVNPLAASITIEYHREQITPLQLLAAIQFWGEVQIIGQGNRGLQNLTRAFDLEPEEVGNKLTAMGGFLMGGYLGDILGGMVGGTAGGLLMGPGGAVMGVQVGTFVGGVIGARLGMEATEQMIQLQFTALEETPERIAKALEIHSGDKIGGAAGELAGGLAGQVVLGPVGETLGRVVGNMVGSQLGEDLGRQLAEPSPEGPPPPSLHFFLEWWVKTSQTFAKETLLATLGGIVARGILGPQAEAAGIRAGSRMSRHLDRQQSNTAAKEKKV	0
UniRef100_V5V6W9	cobahma-fl-sequences-nr.fasta	Calcyanin with known N-ter	CoBaHMA-type	Thermosynechococcus_sp._NK55a	Gly1,Gly2,Gly3	MATAETTPIAVVMHLTGDRLRLRIQELKTDVGFRDSLTAYLKTLRGIKSVHVNPLAASITIEYHLEQITPLQLLAAIQFWGDVQIIGQGNRGLQNLTRAFDLEPEEVGNKLTSMGGFLIGGYVGDMLGGMAGGTAGGLFMGPAGVVMGVQVGTFVGGVIGARLGMEASEQMTQLQFTALEETPERLVKALEIRSGDKIGGAAGEIAGGLAGQVVLGPVGETLGRMVGNMVGSQLGEDLGRQLAEPSPEEPSPPSLHLFLEWWVKTSQTFMKETLLGTLGGIVARAMLGPQAEAEGIRAGTRISRHLDMQQSNTAPGEKKYNPKVIAYGDVQRDRSELMLDTILLLIIVVMGIAVGFNSIDLLPETVLAQVANVRGLQWVMAGFGAIVGIALGLLLQSLYHRLERSIRQLPPETLLSRAVGLVVGLLLANLMLAPIFLLPIPKDFSFIKPLIAVLTSILFAYSGTTLADSHGPALLRLINPNAVASSLLAEGMLKPARAKVLDTSCIIDGRIEALLNLGVFEGQIIVPQFVLQELQLIADAGNEQKRIRGRRGLDVLNRLQASLGDRIVIHSADYPELTTVDAKLVRLCQEINGTLVTNDLNLNKVARFQKVDVFNVNEVAQALRPIYLPGDTLELKILKEGKEPAQGVGYLEDGTMVVVEEGVDHIGDQLSVVVTSALQTSAGRMIFARLQMPTMA	0
WP_052289956.1	cobahma-fl-sequences-nr.fasta	Calcyanin with known N-ter	CoBaHMA-type	Scytonema_millei_VB511283	Gly1,Gly2,Gly3	MSLAAELDATEEITVIKVRGAIAHAVAGRLRVRLLQPIEDIAYAQLEQQIMSLTCVESVRVNTTVGCLTITYEVSQFPGAAIPPVELLAAIAQVSSLQIDLDTNTSNSINFDRQPDPAQIQLRTFGAALVGGAVGDMFGGAVGATAGAIFMGPAGAILGGQIGVFVGSIIGAQIGAETVQQVDQFVWLADTQGTKLTAEQIAQTLQKRTSEKIGETTGQIFGAVAGKVVLGPTGAIFGSIVGGAIGAQLGEDTASSATLQKSPATTQQWLVNTTQKFVGETATATVGGAVGKIILGSPGQQMGLQLGKRISKIVDWNATTHQVVNITPTPQLSVENPQSDR	0
